<?xml version="1.0" encoding="UTF-8"?>
<spirit:component xmlns:xilinx="http://www.xilinx.com"
		xmlns:spirit="http://www.spiritconsortium.org/XMLSchema/SPIRIT/1685-2009"
		xmlns:xsi="http://www.w3.org/2001/XMLSchema-instance">
	<spirit:vendor>ems.eit.uni-kl.de</spirit:vendor>
	<spirit:library>hls</spirit:library>
	<spirit:name>antithetic</spirit:name>
	<spirit:version>1.1</spirit:version>
	<spirit:busInterfaces>
		<spirit:busInterface>
			<spirit:name>rn_in_V</spirit:name>
			<spirit:busType spirit:vendor="xilinx.com"
					spirit:library="interface"
					spirit:name="axis"
					spirit:version="1.0"/>
			<spirit:abstractionType spirit:vendor="xilinx.com"
					spirit:library="interface"
					spirit:name="axis_rtl"
					spirit:version="1.0"/>
			<spirit:slave/>
			<spirit:portMaps>
				<spirit:portMap>
					<spirit:logicalPort>
						<spirit:name>TVALID</spirit:name>
					</spirit:logicalPort>
					<spirit:physicalPort>
						<spirit:name>rn_in_V_TVALID</spirit:name>
					</spirit:physicalPort>
				</spirit:portMap>
				<spirit:portMap>
					<spirit:logicalPort>
						<spirit:name>TREADY</spirit:name>
					</spirit:logicalPort>
					<spirit:physicalPort>
						<spirit:name>rn_in_V_TREADY</spirit:name>
					</spirit:physicalPort>
				</spirit:portMap>
				<spirit:portMap>
					<spirit:logicalPort>
						<spirit:name>TDATA</spirit:name>
					</spirit:logicalPort>
					<spirit:physicalPort>
						<spirit:name>rn_in_V_TDATA</spirit:name>
					</spirit:physicalPort>
				</spirit:portMap>
			</spirit:portMaps>
			<spirit:endianness>little</spirit:endianness>
			<spirit:parameters>
				<spirit:parameter>
					<spirit:name>SIGNAL_SET</spirit:name>
					<spirit:value spirit:resolve="immediate"
							spirit:id="BUSIFPARAM_VALUE.RN_IN_V.SIGNAL_SET">00000011</spirit:value>
				</spirit:parameter>
				<spirit:parameter>
					<spirit:name>TDATA_NUM_BYTES</spirit:name>
					<spirit:value spirit:resolve="immediate"
							spirit:id="BUSIFPARAM_VALUE.RN_IN_V.TDATA_NUM_BYTES">4</spirit:value>
				</spirit:parameter>
				<spirit:parameter>
					<spirit:name>TUSER_WIDTH</spirit:name>
					<spirit:value spirit:resolve="immediate"
							spirit:id="BUSIFPARAM_VALUE.RN_IN_V.TUSER_WIDTH">0</spirit:value>
				</spirit:parameter>
				<spirit:parameter>
					<spirit:name>LAYERED_METADATA</spirit:name>
					<spirit:value spirit:resolve="generated"
							spirit:id="BUSIFPARAM_VALUE.RN_IN_V.LAYERED_METADATA">xilinx.com:interface:datatypes:1.0 {TDATA {datatype {name {attribs {resolve_type immediate dependency {} format string minimum {} maximum {}} value {}} bitwidth {attribs {resolve_type immediate dependency {} format long minimum {} maximum {}} value 32} bitoffset {attribs {resolve_type immediate dependency {} format long minimum {} maximum {}} value 0} real {float {sigwidth {attribs {resolve_type immediate dependency {} format long minimum {} maximum {}} value 0}}}}}}</spirit:value>
				</spirit:parameter>
			</spirit:parameters>
		</spirit:busInterface>
		<spirit:busInterface>
			<spirit:name>rn_out_1_V</spirit:name>
			<spirit:busType spirit:vendor="xilinx.com"
					spirit:library="interface"
					spirit:name="axis"
					spirit:version="1.0"/>
			<spirit:abstractionType spirit:vendor="xilinx.com"
					spirit:library="interface"
					spirit:name="axis_rtl"
					spirit:version="1.0"/>
			<spirit:master/>
			<spirit:portMaps>
				<spirit:portMap>
					<spirit:logicalPort>
						<spirit:name>TVALID</spirit:name>
					</spirit:logicalPort>
					<spirit:physicalPort>
						<spirit:name>rn_out_1_V_TVALID</spirit:name>
					</spirit:physicalPort>
				</spirit:portMap>
				<spirit:portMap>
					<spirit:logicalPort>
						<spirit:name>TREADY</spirit:name>
					</spirit:logicalPort>
					<spirit:physicalPort>
						<spirit:name>rn_out_1_V_TREADY</spirit:name>
					</spirit:physicalPort>
				</spirit:portMap>
				<spirit:portMap>
					<spirit:logicalPort>
						<spirit:name>TDATA</spirit:name>
					</spirit:logicalPort>
					<spirit:physicalPort>
						<spirit:name>rn_out_1_V_TDATA</spirit:name>
					</spirit:physicalPort>
				</spirit:portMap>
			</spirit:portMaps>
			<spirit:endianness>little</spirit:endianness>
			<spirit:parameters>
				<spirit:parameter>
					<spirit:name>SIGNAL_SET</spirit:name>
					<spirit:value spirit:resolve="immediate"
							spirit:id="BUSIFPARAM_VALUE.RN_OUT_1_V.SIGNAL_SET">00000011</spirit:value>
				</spirit:parameter>
				<spirit:parameter>
					<spirit:name>TDATA_NUM_BYTES</spirit:name>
					<spirit:value spirit:resolve="immediate"
							spirit:id="BUSIFPARAM_VALUE.RN_OUT_1_V.TDATA_NUM_BYTES">4</spirit:value>
				</spirit:parameter>
				<spirit:parameter>
					<spirit:name>TUSER_WIDTH</spirit:name>
					<spirit:value spirit:resolve="immediate"
							spirit:id="BUSIFPARAM_VALUE.RN_OUT_1_V.TUSER_WIDTH">0</spirit:value>
				</spirit:parameter>
				<spirit:parameter>
					<spirit:name>LAYERED_METADATA</spirit:name>
					<spirit:value spirit:resolve="generated"
							spirit:id="BUSIFPARAM_VALUE.RN_OUT_1_V.LAYERED_METADATA">xilinx.com:interface:datatypes:1.0 {TDATA {datatype {name {attribs {resolve_type immediate dependency {} format string minimum {} maximum {}} value {}} bitwidth {attribs {resolve_type immediate dependency {} format long minimum {} maximum {}} value 32} bitoffset {attribs {resolve_type immediate dependency {} format long minimum {} maximum {}} value 0} real {float {sigwidth {attribs {resolve_type immediate dependency {} format long minimum {} maximum {}} value 0}}}}}}</spirit:value>
				</spirit:parameter>
			</spirit:parameters>
		</spirit:busInterface>
		<spirit:busInterface>
			<spirit:name>rn_out_2_V</spirit:name>
			<spirit:busType spirit:vendor="xilinx.com"
					spirit:library="interface"
					spirit:name="axis"
					spirit:version="1.0"/>
			<spirit:abstractionType spirit:vendor="xilinx.com"
					spirit:library="interface"
					spirit:name="axis_rtl"
					spirit:version="1.0"/>
			<spirit:master/>
			<spirit:portMaps>
				<spirit:portMap>
					<spirit:logicalPort>
						<spirit:name>TVALID</spirit:name>
					</spirit:logicalPort>
					<spirit:physicalPort>
						<spirit:name>rn_out_2_V_TVALID</spirit:name>
					</spirit:physicalPort>
				</spirit:portMap>
				<spirit:portMap>
					<spirit:logicalPort>
						<spirit:name>TREADY</spirit:name>
					</spirit:logicalPort>
					<spirit:physicalPort>
						<spirit:name>rn_out_2_V_TREADY</spirit:name>
					</spirit:physicalPort>
				</spirit:portMap>
				<spirit:portMap>
					<spirit:logicalPort>
						<spirit:name>TDATA</spirit:name>
					</spirit:logicalPort>
					<spirit:physicalPort>
						<spirit:name>rn_out_2_V_TDATA</spirit:name>
					</spirit:physicalPort>
				</spirit:portMap>
			</spirit:portMaps>
			<spirit:endianness>little</spirit:endianness>
			<spirit:parameters>
				<spirit:parameter>
					<spirit:name>SIGNAL_SET</spirit:name>
					<spirit:value spirit:resolve="immediate"
							spirit:id="BUSIFPARAM_VALUE.RN_OUT_2_V.SIGNAL_SET">00000011</spirit:value>
				</spirit:parameter>
				<spirit:parameter>
					<spirit:name>TDATA_NUM_BYTES</spirit:name>
					<spirit:value spirit:resolve="immediate"
							spirit:id="BUSIFPARAM_VALUE.RN_OUT_2_V.TDATA_NUM_BYTES">4</spirit:value>
				</spirit:parameter>
				<spirit:parameter>
					<spirit:name>TUSER_WIDTH</spirit:name>
					<spirit:value spirit:resolve="immediate"
							spirit:id="BUSIFPARAM_VALUE.RN_OUT_2_V.TUSER_WIDTH">0</spirit:value>
				</spirit:parameter>
				<spirit:parameter>
					<spirit:name>LAYERED_METADATA</spirit:name>
					<spirit:value spirit:resolve="generated"
							spirit:id="BUSIFPARAM_VALUE.RN_OUT_2_V.LAYERED_METADATA">xilinx.com:interface:datatypes:1.0 {TDATA {datatype {name {attribs {resolve_type immediate dependency {} format string minimum {} maximum {}} value {}} bitwidth {attribs {resolve_type immediate dependency {} format long minimum {} maximum {}} value 32} bitoffset {attribs {resolve_type immediate dependency {} format long minimum {} maximum {}} value 0} real {float {sigwidth {attribs {resolve_type immediate dependency {} format long minimum {} maximum {}} value 0}}}}}}</spirit:value>
				</spirit:parameter>
			</spirit:parameters>
		</spirit:busInterface>
		<spirit:busInterface>
			<spirit:name>aclk</spirit:name>
			<spirit:busType spirit:vendor="xilinx.com"
					spirit:library="signal"
					spirit:name="clock"
					spirit:version="1.0"/>
			<spirit:abstractionType spirit:vendor="xilinx.com"
					spirit:library="signal"
					spirit:name="clock_rtl"
					spirit:version="1.0"/>
			<spirit:slave/>
			<spirit:portMaps>
				<spirit:portMap>
					<spirit:logicalPort>
						<spirit:name>CLK</spirit:name>
					</spirit:logicalPort>
					<spirit:physicalPort>
						<spirit:name>aclk</spirit:name>
					</spirit:physicalPort>
				</spirit:portMap>
			</spirit:portMaps>
			<spirit:parameters>
				<spirit:parameter>
					<spirit:name>ASSOCIATED_BUSIF</spirit:name>
					<spirit:value spirit:resolve="immediate"
							spirit:id="BUSIFPARAM_VALUE.ACLK.ASSOCIATED_BUSIF">rn_in_V:rn_out_1_V:rn_out_2_V</spirit:value>
				</spirit:parameter>
				<spirit:parameter>
					<spirit:name>ASSOCIATED_RESET</spirit:name>
					<spirit:value spirit:resolve="immediate"
							spirit:id="BUSIFPARAM_VALUE.ACLK.ASSOCIATED_RESET">aresetn</spirit:value>
				</spirit:parameter>
			</spirit:parameters>
		</spirit:busInterface>
		<spirit:busInterface>
			<spirit:name>aresetn</spirit:name>
			<spirit:busType spirit:vendor="xilinx.com"
					spirit:library="signal"
					spirit:name="reset"
					spirit:version="1.0"/>
			<spirit:abstractionType spirit:vendor="xilinx.com"
					spirit:library="signal"
					spirit:name="reset_rtl"
					spirit:version="1.0"/>
			<spirit:slave/>
			<spirit:portMaps>
				<spirit:portMap>
					<spirit:logicalPort>
						<spirit:name>RST</spirit:name>
					</spirit:logicalPort>
					<spirit:physicalPort>
						<spirit:name>aresetn</spirit:name>
					</spirit:physicalPort>
				</spirit:portMap>
			</spirit:portMaps>
			<spirit:parameters>
				<spirit:parameter>
					<spirit:name>POLARITY</spirit:name>
					<spirit:value spirit:resolve="immediate"
							spirit:id="BUSIFPARAM_VALUE.ARESETN.POLARITY">ACTIVE_LOW</spirit:value>
				</spirit:parameter>
			</spirit:parameters>
		</spirit:busInterface>
	</spirit:busInterfaces>
	<spirit:model>
		<spirit:views>
			<spirit:view>
				<spirit:name>xilinx_verilogsynthesis</spirit:name>
				<spirit:displayName>Verilog Synthesis</spirit:displayName>
				<spirit:envIdentifier>verilogSource:vivado.xilinx.com:synthesis</spirit:envIdentifier>
				<spirit:language>verilog</spirit:language>
				<spirit:modelName>antithetic_top</spirit:modelName>
				<spirit:fileSetRef>
					<spirit:localName>xilinx_verilogsynthesis_view_fileset</spirit:localName>
				</spirit:fileSetRef>
			</spirit:view>
			<spirit:view>
				<spirit:name>xilinx_verilogbehavioralsimulation</spirit:name>
				<spirit:displayName>Verilog Simulation</spirit:displayName>
				<spirit:envIdentifier>verilogSource:vivado.xilinx.com:simulation</spirit:envIdentifier>
				<spirit:language>verilog</spirit:language>
				<spirit:modelName>antithetic_top</spirit:modelName>
				<spirit:fileSetRef>
					<spirit:localName>xilinx_verilogbehavioralsimulation_view_fileset</spirit:localName>
				</spirit:fileSetRef>
			</spirit:view>
			<spirit:view>
				<spirit:name>xilinx_documentation</spirit:name>
				<spirit:displayName>Documentation</spirit:displayName>
				<spirit:envIdentifier>:vivado.xilinx.com:docs.all</spirit:envIdentifier>
				<spirit:fileSetRef>
					<spirit:localName>xilinx_documentation_view_fileset</spirit:localName>
				</spirit:fileSetRef>
			</spirit:view>
			<spirit:view>
				<spirit:name>xilinx_miscfiles</spirit:name>
				<spirit:displayName>Miscellaneous</spirit:displayName>
				<spirit:envIdentifier>:vivado.xilinx.com:misc.files</spirit:envIdentifier>
				<spirit:fileSetRef>
					<spirit:localName>xilinx_miscfiles_view_fileset</spirit:localName>
				</spirit:fileSetRef>
			</spirit:view>
			<spirit:view>
				<spirit:name>xilinx_block_diagram</spirit:name>
				<spirit:displayName>Block Diagram</spirit:displayName>
				<spirit:envIdentifier>:vivado.xilinx.com:block.diagram</spirit:envIdentifier>
				<spirit:fileSetRef>
					<spirit:localName>xilinx_block_diagram_view_fileset</spirit:localName>
				</spirit:fileSetRef>
			</spirit:view>
			<spirit:view>
				<spirit:name>xilinx_xpgui</spirit:name>
				<spirit:displayName>UI Layout</spirit:displayName>
				<spirit:envIdentifier>:vivado.xilinx.com:xgui.ui</spirit:envIdentifier>
				<spirit:fileSetRef>
					<spirit:localName>xilinx_xpgui_view_fileset</spirit:localName>
				</spirit:fileSetRef>
			</spirit:view>
			<spirit:view>
				<spirit:name>xilinx_utilityxitfiles</spirit:name>
				<spirit:displayName>Utility XIT/TTCL</spirit:displayName>
				<spirit:envIdentifier>:vivado.xilinx.com:xit.util</spirit:envIdentifier>
				<spirit:fileSetRef>
					<spirit:localName>xilinx_utilityxitfiles_view_fileset</spirit:localName>
				</spirit:fileSetRef>
			</spirit:view>
		</spirit:views>
		<spirit:ports>
			<spirit:port>
				<spirit:name>rn_in_V_TVALID</spirit:name>
				<spirit:wire>
					<spirit:direction>in</spirit:direction>
					<spirit:wireTypeDefs>
						<spirit:wireTypeDef>
							<spirit:typeName>std_logic</spirit:typeName>
							<spirit:viewNameRef>xilinx_verilogsynthesis</spirit:viewNameRef>
							<spirit:viewNameRef>xilinx_verilogbehavioralsimulation</spirit:viewNameRef>
						</spirit:wireTypeDef>
					</spirit:wireTypeDefs>
				</spirit:wire>
			</spirit:port>
			<spirit:port>
				<spirit:name>rn_in_V_TREADY</spirit:name>
				<spirit:wire>
					<spirit:direction>out</spirit:direction>
					<spirit:wireTypeDefs>
						<spirit:wireTypeDef>
							<spirit:typeName>std_logic</spirit:typeName>
							<spirit:viewNameRef>xilinx_verilogsynthesis</spirit:viewNameRef>
							<spirit:viewNameRef>xilinx_verilogbehavioralsimulation</spirit:viewNameRef>
						</spirit:wireTypeDef>
					</spirit:wireTypeDefs>
				</spirit:wire>
			</spirit:port>
			<spirit:port>
				<spirit:name>rn_in_V_TDATA</spirit:name>
				<spirit:wire>
					<spirit:direction>in</spirit:direction>
					<spirit:vector>
						<spirit:left spirit:format="long"
								spirit:resolve="immediate">31</spirit:left>
						<spirit:right spirit:format="long"
								spirit:resolve="immediate">0</spirit:right>
					</spirit:vector>
					<spirit:wireTypeDefs>
						<spirit:wireTypeDef>
							<spirit:typeName>std_logic_vector</spirit:typeName>
							<spirit:viewNameRef>xilinx_verilogsynthesis</spirit:viewNameRef>
							<spirit:viewNameRef>xilinx_verilogbehavioralsimulation</spirit:viewNameRef>
						</spirit:wireTypeDef>
					</spirit:wireTypeDefs>
				</spirit:wire>
				<spirit:vendorExtensions>
					<xilinx:portInfo>
						<xilinx:endianness>little</xilinx:endianness>
					</xilinx:portInfo>
				</spirit:vendorExtensions>
			</spirit:port>
			<spirit:port>
				<spirit:name>rn_out_1_V_TVALID</spirit:name>
				<spirit:wire>
					<spirit:direction>out</spirit:direction>
					<spirit:wireTypeDefs>
						<spirit:wireTypeDef>
							<spirit:typeName>std_logic</spirit:typeName>
							<spirit:viewNameRef>xilinx_verilogsynthesis</spirit:viewNameRef>
							<spirit:viewNameRef>xilinx_verilogbehavioralsimulation</spirit:viewNameRef>
						</spirit:wireTypeDef>
					</spirit:wireTypeDefs>
				</spirit:wire>
			</spirit:port>
			<spirit:port>
				<spirit:name>rn_out_1_V_TREADY</spirit:name>
				<spirit:wire>
					<spirit:direction>in</spirit:direction>
					<spirit:wireTypeDefs>
						<spirit:wireTypeDef>
							<spirit:typeName>std_logic</spirit:typeName>
							<spirit:viewNameRef>xilinx_verilogsynthesis</spirit:viewNameRef>
							<spirit:viewNameRef>xilinx_verilogbehavioralsimulation</spirit:viewNameRef>
						</spirit:wireTypeDef>
					</spirit:wireTypeDefs>
				</spirit:wire>
			</spirit:port>
			<spirit:port>
				<spirit:name>rn_out_1_V_TDATA</spirit:name>
				<spirit:wire>
					<spirit:direction>out</spirit:direction>
					<spirit:vector>
						<spirit:left spirit:format="long"
								spirit:resolve="immediate">31</spirit:left>
						<spirit:right spirit:format="long"
								spirit:resolve="immediate">0</spirit:right>
					</spirit:vector>
					<spirit:wireTypeDefs>
						<spirit:wireTypeDef>
							<spirit:typeName>std_logic_vector</spirit:typeName>
							<spirit:viewNameRef>xilinx_verilogsynthesis</spirit:viewNameRef>
							<spirit:viewNameRef>xilinx_verilogbehavioralsimulation</spirit:viewNameRef>
						</spirit:wireTypeDef>
					</spirit:wireTypeDefs>
				</spirit:wire>
				<spirit:vendorExtensions>
					<xilinx:portInfo>
						<xilinx:endianness>little</xilinx:endianness>
					</xilinx:portInfo>
				</spirit:vendorExtensions>
			</spirit:port>
			<spirit:port>
				<spirit:name>rn_out_2_V_TVALID</spirit:name>
				<spirit:wire>
					<spirit:direction>out</spirit:direction>
					<spirit:wireTypeDefs>
						<spirit:wireTypeDef>
							<spirit:typeName>std_logic</spirit:typeName>
							<spirit:viewNameRef>xilinx_verilogsynthesis</spirit:viewNameRef>
							<spirit:viewNameRef>xilinx_verilogbehavioralsimulation</spirit:viewNameRef>
						</spirit:wireTypeDef>
					</spirit:wireTypeDefs>
				</spirit:wire>
			</spirit:port>
			<spirit:port>
				<spirit:name>rn_out_2_V_TREADY</spirit:name>
				<spirit:wire>
					<spirit:direction>in</spirit:direction>
					<spirit:wireTypeDefs>
						<spirit:wireTypeDef>
							<spirit:typeName>std_logic</spirit:typeName>
							<spirit:viewNameRef>xilinx_verilogsynthesis</spirit:viewNameRef>
							<spirit:viewNameRef>xilinx_verilogbehavioralsimulation</spirit:viewNameRef>
						</spirit:wireTypeDef>
					</spirit:wireTypeDefs>
				</spirit:wire>
			</spirit:port>
			<spirit:port>
				<spirit:name>rn_out_2_V_TDATA</spirit:name>
				<spirit:wire>
					<spirit:direction>out</spirit:direction>
					<spirit:vector>
						<spirit:left spirit:format="long"
								spirit:resolve="immediate">31</spirit:left>
						<spirit:right spirit:format="long"
								spirit:resolve="immediate">0</spirit:right>
					</spirit:vector>
					<spirit:wireTypeDefs>
						<spirit:wireTypeDef>
							<spirit:typeName>std_logic_vector</spirit:typeName>
							<spirit:viewNameRef>xilinx_verilogsynthesis</spirit:viewNameRef>
							<spirit:viewNameRef>xilinx_verilogbehavioralsimulation</spirit:viewNameRef>
						</spirit:wireTypeDef>
					</spirit:wireTypeDefs>
				</spirit:wire>
				<spirit:vendorExtensions>
					<xilinx:portInfo>
						<xilinx:endianness>little</xilinx:endianness>
					</xilinx:portInfo>
				</spirit:vendorExtensions>
			</spirit:port>
			<spirit:port>
				<spirit:name>aclk</spirit:name>
				<spirit:wire>
					<spirit:direction>in</spirit:direction>
					<spirit:wireTypeDefs>
						<spirit:wireTypeDef>
							<spirit:typeName>std_logic</spirit:typeName>
							<spirit:viewNameRef>xilinx_verilogsynthesis</spirit:viewNameRef>
							<spirit:viewNameRef>xilinx_verilogbehavioralsimulation</spirit:viewNameRef>
						</spirit:wireTypeDef>
					</spirit:wireTypeDefs>
				</spirit:wire>
			</spirit:port>
			<spirit:port>
				<spirit:name>aresetn</spirit:name>
				<spirit:wire>
					<spirit:direction>in</spirit:direction>
					<spirit:wireTypeDefs>
						<spirit:wireTypeDef>
							<spirit:typeName>std_logic</spirit:typeName>
							<spirit:viewNameRef>xilinx_verilogsynthesis</spirit:viewNameRef>
							<spirit:viewNameRef>xilinx_verilogbehavioralsimulation</spirit:viewNameRef>
						</spirit:wireTypeDef>
					</spirit:wireTypeDefs>
				</spirit:wire>
			</spirit:port>
		</spirit:ports>
	</spirit:model>
	<spirit:fileSets>
		<spirit:fileSet>
			<spirit:name>xilinx_verilogsynthesis_view_fileset</spirit:name>
			<spirit:file>
				<spirit:name>hdl/verilog/antithetic_rn_in_V_if.v</spirit:name>
				<spirit:fileType>verilogSource</spirit:fileType>
			</spirit:file>
			<spirit:file>
				<spirit:name>hdl/verilog/antithetic_rn_out_1_V_if.v</spirit:name>
				<spirit:fileType>verilogSource</spirit:fileType>
			</spirit:file>
			<spirit:file>
				<spirit:name>hdl/verilog/antithetic_rn_out_2_V_if.v</spirit:name>
				<spirit:fileType>verilogSource</spirit:fileType>
			</spirit:file>
			<spirit:file>
				<spirit:name>hdl/verilog/antithetic_ap_rst_if.v</spirit:name>
				<spirit:fileType>verilogSource</spirit:fileType>
			</spirit:file>
			<spirit:file>
				<spirit:name>hdl/verilog/antithetic_top.v</spirit:name>
				<spirit:fileType>verilogSource</spirit:fileType>
			</spirit:file>
			<spirit:file>
				<spirit:name>hdl/verilog/antithetic.v</spirit:name>
				<spirit:fileType>verilogSource</spirit:fileType>
			</spirit:file>
		</spirit:fileSet>
		<spirit:fileSet>
			<spirit:name>xilinx_verilogbehavioralsimulation_view_fileset</spirit:name>
			<spirit:file>
				<spirit:name>hdl/verilog/antithetic_rn_in_V_if.v</spirit:name>
				<spirit:fileType>verilogSource</spirit:fileType>
			</spirit:file>
			<spirit:file>
				<spirit:name>hdl/verilog/antithetic_rn_out_1_V_if.v</spirit:name>
				<spirit:fileType>verilogSource</spirit:fileType>
			</spirit:file>
			<spirit:file>
				<spirit:name>hdl/verilog/antithetic_rn_out_2_V_if.v</spirit:name>
				<spirit:fileType>verilogSource</spirit:fileType>
			</spirit:file>
			<spirit:file>
				<spirit:name>hdl/verilog/antithetic_ap_rst_if.v</spirit:name>
				<spirit:fileType>verilogSource</spirit:fileType>
			</spirit:file>
			<spirit:file>
				<spirit:name>hdl/verilog/antithetic_top.v</spirit:name>
				<spirit:fileType>verilogSource</spirit:fileType>
			</spirit:file>
			<spirit:file>
				<spirit:name>hdl/verilog/antithetic.v</spirit:name>
				<spirit:fileType>verilogSource</spirit:fileType>
			</spirit:file>
		</spirit:fileSet>
		<spirit:fileSet>
			<spirit:name>xilinx_documentation_view_fileset</spirit:name>
			<spirit:file>
				<spirit:name>doc/ReleaseNotes.txt</spirit:name>
				<spirit:userFileType>text</spirit:userFileType>
			</spirit:file>
		</spirit:fileSet>
		<spirit:fileSet>
			<spirit:name>xilinx_miscfiles_view_fileset</spirit:name>
			<spirit:file>
				<spirit:name>misc/logo.png</spirit:name>
				<spirit:userFileType>image</spirit:userFileType>
			</spirit:file>
		</spirit:fileSet>
		<spirit:fileSet>
			<spirit:name>xilinx_block_diagram_view_fileset</spirit:name>
			<spirit:file>
				<spirit:name>bd/bd.tcl</spirit:name>
				<spirit:fileType>tclSource</spirit:fileType>
			</spirit:file>
		</spirit:fileSet>
		<spirit:fileSet>
			<spirit:name>xilinx_xpgui_view_fileset</spirit:name>
			<spirit:file>
				<spirit:name>xgui/antithetic_v1_1.tcl</spirit:name>
				<spirit:fileType>tclSource</spirit:fileType>
				<spirit:userFileType>XGUI_VERSION_2</spirit:userFileType>
			</spirit:file>
		</spirit:fileSet>
		<spirit:fileSet>
			<spirit:name>xilinx_utilityxitfiles_view_fileset</spirit:name>
			<spirit:file>
				<spirit:name>misc/logo.png</spirit:name>
				<spirit:userFileType>image</spirit:userFileType>
				<spirit:userFileType>LOGO</spirit:userFileType>
			</spirit:file>
		</spirit:fileSet>
	</spirit:fileSets>
	<spirit:description>Antithetic generation. Created by Christian Brugger (brugger@eit.uni-kl.de)</spirit:description>
	<spirit:parameters>
		<spirit:parameter>
			<spirit:name>Component_Name</spirit:name>
			<spirit:value spirit:resolve="user"
					spirit:id="PARAM_VALUE.Component_Name"
					spirit:order="1">antithetic_v1_1</spirit:value>
		</spirit:parameter>
	</spirit:parameters>
	<spirit:vendorExtensions>
		<xilinx:coreExtensions>
			<xilinx:supportedFamilies>
				<xilinx:family xilinx:lifeCycle="Pre-Production">zynq</xilinx:family>
			</xilinx:supportedFamilies>
			<xilinx:taxonomies>
				<xilinx:taxonomy>/VIVADO_HLS_IP</xilinx:taxonomy>
			</xilinx:taxonomies>
			<xilinx:displayName>Antithetic</xilinx:displayName>
			<xilinx:coreCreationDateTime>2013-08-20T15:53:47</xilinx:coreCreationDateTime>
		</xilinx:coreExtensions>
		<xilinx:packagingInfo>
			<xilinx:xilinxVersion>2013.2</xilinx:xilinxVersion>
		</xilinx:packagingInfo>
	</spirit:vendorExtensions>
</spirit:component>
