<?xml version="1.0" encoding="UTF-8"?>
<spirit:component xmlns:xilinx="http://www.xilinx.com"
		xmlns:spirit="http://www.spiritconsortium.org/XMLSchema/SPIRIT/1685-2009"
		xmlns:xsi="http://www.w3.org/2001/XMLSchema-instance">
	<spirit:vendor>xilinx.com</spirit:vendor>
	<spirit:library>hls</spirit:library>
	<spirit:name>infinite_stream</spirit:name>
	<spirit:version>1.2</spirit:version>
	<spirit:busInterfaces>
		<spirit:busInterface>
			<spirit:name>random_numbers_V</spirit:name>
			<spirit:busType spirit:vendor="xilinx.com"
					spirit:library="interface"
					spirit:name="axis"
					spirit:version="1.0"/>
			<spirit:abstractionType spirit:vendor="xilinx.com"
					spirit:library="interface"
					spirit:name="axis_rtl"
					spirit:version="1.0"/>
			<spirit:master/>
			<spirit:portMaps>
				<spirit:portMap>
					<spirit:logicalPort>
						<spirit:name>TVALID</spirit:name>
					</spirit:logicalPort>
					<spirit:physicalPort>
						<spirit:name>random_numbers_V_TVALID</spirit:name>
					</spirit:physicalPort>
				</spirit:portMap>
				<spirit:portMap>
					<spirit:logicalPort>
						<spirit:name>TREADY</spirit:name>
					</spirit:logicalPort>
					<spirit:physicalPort>
						<spirit:name>random_numbers_V_TREADY</spirit:name>
					</spirit:physicalPort>
				</spirit:portMap>
				<spirit:portMap>
					<spirit:logicalPort>
						<spirit:name>TDATA</spirit:name>
					</spirit:logicalPort>
					<spirit:physicalPort>
						<spirit:name>random_numbers_V_TDATA</spirit:name>
					</spirit:physicalPort>
				</spirit:portMap>
			</spirit:portMaps>
			<spirit:endianness>little</spirit:endianness>
			<spirit:parameters>
				<spirit:parameter>
					<spirit:name>SIGNAL_SET</spirit:name>
					<spirit:value spirit:resolve="immediate"
							spirit:id="BUSIFPARAM_VALUE.RANDOM_NUMBERS_V.SIGNAL_SET">00000011</spirit:value>
				</spirit:parameter>
				<spirit:parameter>
					<spirit:name>TDATA_NUM_BYTES</spirit:name>
					<spirit:value spirit:resolve="immediate"
							spirit:id="BUSIFPARAM_VALUE.RANDOM_NUMBERS_V.TDATA_NUM_BYTES">4</spirit:value>
				</spirit:parameter>
				<spirit:parameter>
					<spirit:name>TUSER_WIDTH</spirit:name>
					<spirit:value spirit:resolve="immediate"
							spirit:id="BUSIFPARAM_VALUE.RANDOM_NUMBERS_V.TUSER_WIDTH">0</spirit:value>
				</spirit:parameter>
				<spirit:parameter>
					<spirit:name>LAYERED_METADATA</spirit:name>
					<spirit:value spirit:resolve="generated"
							spirit:id="BUSIFPARAM_VALUE.RANDOM_NUMBERS_V.LAYERED_METADATA">xilinx.com:interface:datatypes:1.0 {TDATA {datatype {name {attribs {resolve_type immediate dependency {} format string minimum {} maximum {}} value {}} bitwidth {attribs {resolve_type immediate dependency {} format long minimum {} maximum {}} value 32} bitoffset {attribs {resolve_type immediate dependency {} format long minimum {} maximum {}} value 0} integer {signed {attribs {resolve_type immediate dependency {} format bool minimum {} maximum {}} value false}}}}}</spirit:value>
				</spirit:parameter>
			</spirit:parameters>
		</spirit:busInterface>
		<spirit:busInterface>
			<spirit:name>S_AXI_SLV0</spirit:name>
			<spirit:busType spirit:vendor="xilinx.com"
					spirit:library="interface"
					spirit:name="aximm"
					spirit:version="1.0"/>
			<spirit:abstractionType spirit:vendor="xilinx.com"
					spirit:library="interface"
					spirit:name="aximm_rtl"
					spirit:version="1.0"/>
			<spirit:slave>
				<spirit:memoryMapRef spirit:memoryMapRef="S_AXI_SLV0"/>
			</spirit:slave>
			<spirit:portMaps>
				<spirit:portMap>
					<spirit:logicalPort>
						<spirit:name>AWADDR</spirit:name>
					</spirit:logicalPort>
					<spirit:physicalPort>
						<spirit:name>s_axi_slv0_AWADDR</spirit:name>
					</spirit:physicalPort>
				</spirit:portMap>
				<spirit:portMap>
					<spirit:logicalPort>
						<spirit:name>AWVALID</spirit:name>
					</spirit:logicalPort>
					<spirit:physicalPort>
						<spirit:name>s_axi_slv0_AWVALID</spirit:name>
					</spirit:physicalPort>
				</spirit:portMap>
				<spirit:portMap>
					<spirit:logicalPort>
						<spirit:name>AWREADY</spirit:name>
					</spirit:logicalPort>
					<spirit:physicalPort>
						<spirit:name>s_axi_slv0_AWREADY</spirit:name>
					</spirit:physicalPort>
				</spirit:portMap>
				<spirit:portMap>
					<spirit:logicalPort>
						<spirit:name>WDATA</spirit:name>
					</spirit:logicalPort>
					<spirit:physicalPort>
						<spirit:name>s_axi_slv0_WDATA</spirit:name>
					</spirit:physicalPort>
				</spirit:portMap>
				<spirit:portMap>
					<spirit:logicalPort>
						<spirit:name>WSTRB</spirit:name>
					</spirit:logicalPort>
					<spirit:physicalPort>
						<spirit:name>s_axi_slv0_WSTRB</spirit:name>
					</spirit:physicalPort>
				</spirit:portMap>
				<spirit:portMap>
					<spirit:logicalPort>
						<spirit:name>WVALID</spirit:name>
					</spirit:logicalPort>
					<spirit:physicalPort>
						<spirit:name>s_axi_slv0_WVALID</spirit:name>
					</spirit:physicalPort>
				</spirit:portMap>
				<spirit:portMap>
					<spirit:logicalPort>
						<spirit:name>WREADY</spirit:name>
					</spirit:logicalPort>
					<spirit:physicalPort>
						<spirit:name>s_axi_slv0_WREADY</spirit:name>
					</spirit:physicalPort>
				</spirit:portMap>
				<spirit:portMap>
					<spirit:logicalPort>
						<spirit:name>BRESP</spirit:name>
					</spirit:logicalPort>
					<spirit:physicalPort>
						<spirit:name>s_axi_slv0_BRESP</spirit:name>
					</spirit:physicalPort>
				</spirit:portMap>
				<spirit:portMap>
					<spirit:logicalPort>
						<spirit:name>BVALID</spirit:name>
					</spirit:logicalPort>
					<spirit:physicalPort>
						<spirit:name>s_axi_slv0_BVALID</spirit:name>
					</spirit:physicalPort>
				</spirit:portMap>
				<spirit:portMap>
					<spirit:logicalPort>
						<spirit:name>BREADY</spirit:name>
					</spirit:logicalPort>
					<spirit:physicalPort>
						<spirit:name>s_axi_slv0_BREADY</spirit:name>
					</spirit:physicalPort>
				</spirit:portMap>
				<spirit:portMap>
					<spirit:logicalPort>
						<spirit:name>ARADDR</spirit:name>
					</spirit:logicalPort>
					<spirit:physicalPort>
						<spirit:name>s_axi_slv0_ARADDR</spirit:name>
					</spirit:physicalPort>
				</spirit:portMap>
				<spirit:portMap>
					<spirit:logicalPort>
						<spirit:name>ARVALID</spirit:name>
					</spirit:logicalPort>
					<spirit:physicalPort>
						<spirit:name>s_axi_slv0_ARVALID</spirit:name>
					</spirit:physicalPort>
				</spirit:portMap>
				<spirit:portMap>
					<spirit:logicalPort>
						<spirit:name>ARREADY</spirit:name>
					</spirit:logicalPort>
					<spirit:physicalPort>
						<spirit:name>s_axi_slv0_ARREADY</spirit:name>
					</spirit:physicalPort>
				</spirit:portMap>
				<spirit:portMap>
					<spirit:logicalPort>
						<spirit:name>RDATA</spirit:name>
					</spirit:logicalPort>
					<spirit:physicalPort>
						<spirit:name>s_axi_slv0_RDATA</spirit:name>
					</spirit:physicalPort>
				</spirit:portMap>
				<spirit:portMap>
					<spirit:logicalPort>
						<spirit:name>RRESP</spirit:name>
					</spirit:logicalPort>
					<spirit:physicalPort>
						<spirit:name>s_axi_slv0_RRESP</spirit:name>
					</spirit:physicalPort>
				</spirit:portMap>
				<spirit:portMap>
					<spirit:logicalPort>
						<spirit:name>RVALID</spirit:name>
					</spirit:logicalPort>
					<spirit:physicalPort>
						<spirit:name>s_axi_slv0_RVALID</spirit:name>
					</spirit:physicalPort>
				</spirit:portMap>
				<spirit:portMap>
					<spirit:logicalPort>
						<spirit:name>RREADY</spirit:name>
					</spirit:logicalPort>
					<spirit:physicalPort>
						<spirit:name>s_axi_slv0_RREADY</spirit:name>
					</spirit:physicalPort>
				</spirit:portMap>
			</spirit:portMaps>
			<spirit:endianness>little</spirit:endianness>
			<spirit:parameters>
				<spirit:parameter>
					<spirit:name>ADDR_WIDTH</spirit:name>
					<spirit:value spirit:resolve="immediate"
							spirit:id="BUSIFPARAM_VALUE.S_AXI_SLV0.ADDR_WIDTH">13</spirit:value>
				</spirit:parameter>
				<spirit:parameter>
					<spirit:name>DATA_WIDTH</spirit:name>
					<spirit:value spirit:resolve="immediate"
							spirit:id="BUSIFPARAM_VALUE.S_AXI_SLV0.DATA_WIDTH">32</spirit:value>
				</spirit:parameter>
				<spirit:parameter>
					<spirit:name>PROTOCOL</spirit:name>
					<spirit:value spirit:resolve="immediate"
							spirit:id="BUSIFPARAM_VALUE.S_AXI_SLV0.PROTOCOL">AXI4LITE</spirit:value>
				</spirit:parameter>
				<spirit:parameter>
					<spirit:name>READ_WRITE_MODE</spirit:name>
					<spirit:value spirit:resolve="immediate"
							spirit:id="BUSIFPARAM_VALUE.S_AXI_SLV0.READ_WRITE_MODE">READ_WRITE</spirit:value>
				</spirit:parameter>
			</spirit:parameters>
		</spirit:busInterface>
		<spirit:busInterface>
			<spirit:name>interrupt</spirit:name>
			<spirit:busType spirit:vendor="xilinx.com"
					spirit:library="signal"
					spirit:name="interrupt"
					spirit:version="1.0"/>
			<spirit:abstractionType spirit:vendor="xilinx.com"
					spirit:library="signal"
					spirit:name="interrupt_rtl"
					spirit:version="1.0"/>
			<spirit:master/>
			<spirit:portMaps>
				<spirit:portMap>
					<spirit:logicalPort>
						<spirit:name>INTERRUPT</spirit:name>
					</spirit:logicalPort>
					<spirit:physicalPort>
						<spirit:name>interrupt</spirit:name>
					</spirit:physicalPort>
				</spirit:portMap>
			</spirit:portMaps>
			<spirit:parameters>
				<spirit:parameter>
					<spirit:name>SENSITIVITY</spirit:name>
					<spirit:value spirit:resolve="immediate"
							spirit:id="BUSIFPARAM_VALUE.INTERRUPT.SENSITIVITY">LEVEL_HIGH</spirit:value>
				</spirit:parameter>
			</spirit:parameters>
		</spirit:busInterface>
		<spirit:busInterface>
			<spirit:name>aclk</spirit:name>
			<spirit:busType spirit:vendor="xilinx.com"
					spirit:library="signal"
					spirit:name="clock"
					spirit:version="1.0"/>
			<spirit:abstractionType spirit:vendor="xilinx.com"
					spirit:library="signal"
					spirit:name="clock_rtl"
					spirit:version="1.0"/>
			<spirit:slave/>
			<spirit:portMaps>
				<spirit:portMap>
					<spirit:logicalPort>
						<spirit:name>CLK</spirit:name>
					</spirit:logicalPort>
					<spirit:physicalPort>
						<spirit:name>aclk</spirit:name>
					</spirit:physicalPort>
				</spirit:portMap>
			</spirit:portMaps>
			<spirit:parameters>
				<spirit:parameter>
					<spirit:name>ASSOCIATED_BUSIF</spirit:name>
					<spirit:value spirit:resolve="immediate"
							spirit:id="BUSIFPARAM_VALUE.ACLK.ASSOCIATED_BUSIF">random_numbers_V:S_AXI_SLV0</spirit:value>
				</spirit:parameter>
				<spirit:parameter>
					<spirit:name>ASSOCIATED_RESET</spirit:name>
					<spirit:value spirit:resolve="immediate"
							spirit:id="BUSIFPARAM_VALUE.ACLK.ASSOCIATED_RESET">aresetn</spirit:value>
				</spirit:parameter>
			</spirit:parameters>
		</spirit:busInterface>
		<spirit:busInterface>
			<spirit:name>aresetn</spirit:name>
			<spirit:busType spirit:vendor="xilinx.com"
					spirit:library="signal"
					spirit:name="reset"
					spirit:version="1.0"/>
			<spirit:abstractionType spirit:vendor="xilinx.com"
					spirit:library="signal"
					spirit:name="reset_rtl"
					spirit:version="1.0"/>
			<spirit:slave/>
			<spirit:portMaps>
				<spirit:portMap>
					<spirit:logicalPort>
						<spirit:name>RST</spirit:name>
					</spirit:logicalPort>
					<spirit:physicalPort>
						<spirit:name>aresetn</spirit:name>
					</spirit:physicalPort>
				</spirit:portMap>
			</spirit:portMaps>
			<spirit:parameters>
				<spirit:parameter>
					<spirit:name>POLARITY</spirit:name>
					<spirit:value spirit:resolve="immediate"
							spirit:id="BUSIFPARAM_VALUE.ARESETN.POLARITY">ACTIVE_LOW</spirit:value>
				</spirit:parameter>
			</spirit:parameters>
		</spirit:busInterface>
	</spirit:busInterfaces>
	<spirit:memoryMaps>
		<spirit:memoryMap>
			<spirit:name>S_AXI_SLV0</spirit:name>
			<spirit:addressBlock>
				<spirit:name>Reg</spirit:name>
				<spirit:baseAddress spirit:format="long"
						spirit:resolve="immediate">0</spirit:baseAddress>
				<spirit:range spirit:format="long"
						spirit:resolve="generated">65536</spirit:range>
				<spirit:width>32</spirit:width>
				<spirit:usage>register</spirit:usage>
				<spirit:access>read-write</spirit:access>
				<spirit:parameters>
					<spirit:parameter>
						<spirit:name>OFFSET_BASE_PARAM</spirit:name>
						<spirit:value spirit:id="ADDRBLOCKPARAM_VALUE.REG.OFFSET_BASE_PARAM">C_S_AXI_SLV0_BASEADDR</spirit:value>
					</spirit:parameter>
					<spirit:parameter>
						<spirit:name>OFFSET_HIGH_PARAM</spirit:name>
						<spirit:value spirit:id="ADDRBLOCKPARAM_VALUE.REG.OFFSET_HIGH_PARAM">C_S_AXI_SLV0_HIGHADDR</spirit:value>
					</spirit:parameter>
				</spirit:parameters>
			</spirit:addressBlock>
		</spirit:memoryMap>
	</spirit:memoryMaps>
	<spirit:model>
		<spirit:views>
			<spirit:view>
				<spirit:name>xilinx_verilogsynthesis</spirit:name>
				<spirit:displayName>Verilog Synthesis</spirit:displayName>
				<spirit:envIdentifier>verilogSource:vivado.xilinx.com:synthesis</spirit:envIdentifier>
				<spirit:language>verilog</spirit:language>
				<spirit:modelName>infinite_stream_top</spirit:modelName>
				<spirit:fileSetRef>
					<spirit:localName>xilinx_verilogsynthesis_view_fileset</spirit:localName>
				</spirit:fileSetRef>
			</spirit:view>
			<spirit:view>
				<spirit:name>xilinx_verilogbehavioralsimulation</spirit:name>
				<spirit:displayName>Verilog Simulation</spirit:displayName>
				<spirit:envIdentifier>verilogSource:vivado.xilinx.com:simulation</spirit:envIdentifier>
				<spirit:language>verilog</spirit:language>
				<spirit:modelName>infinite_stream_top</spirit:modelName>
				<spirit:fileSetRef>
					<spirit:localName>xilinx_verilogbehavioralsimulation_view_fileset</spirit:localName>
				</spirit:fileSetRef>
			</spirit:view>
			<spirit:view>
				<spirit:name>xilinx_documentation</spirit:name>
				<spirit:displayName>Documentation</spirit:displayName>
				<spirit:envIdentifier>:vivado.xilinx.com:docs.all</spirit:envIdentifier>
				<spirit:fileSetRef>
					<spirit:localName>xilinx_documentation_view_fileset</spirit:localName>
				</spirit:fileSetRef>
			</spirit:view>
			<spirit:view>
				<spirit:name>xilinx_miscfiles</spirit:name>
				<spirit:displayName>Miscellaneous</spirit:displayName>
				<spirit:envIdentifier>:vivado.xilinx.com:misc.files</spirit:envIdentifier>
				<spirit:fileSetRef>
					<spirit:localName>xilinx_miscfiles_view_fileset</spirit:localName>
				</spirit:fileSetRef>
			</spirit:view>
			<spirit:view>
				<spirit:name>xilinx_block_diagram</spirit:name>
				<spirit:displayName>Block Diagram</spirit:displayName>
				<spirit:envIdentifier>:vivado.xilinx.com:block.diagram</spirit:envIdentifier>
				<spirit:fileSetRef>
					<spirit:localName>xilinx_block_diagram_view_fileset</spirit:localName>
				</spirit:fileSetRef>
			</spirit:view>
			<spirit:view>
				<spirit:name>xilinx_xpgui</spirit:name>
				<spirit:displayName>UI Layout</spirit:displayName>
				<spirit:envIdentifier>:vivado.xilinx.com:xgui.ui</spirit:envIdentifier>
				<spirit:fileSetRef>
					<spirit:localName>xilinx_xpgui_view_fileset</spirit:localName>
				</spirit:fileSetRef>
			</spirit:view>
			<spirit:view>
				<spirit:name>xilinx_utilityxitfiles</spirit:name>
				<spirit:displayName>Utility XIT/TTCL</spirit:displayName>
				<spirit:envIdentifier>:vivado.xilinx.com:xit.util</spirit:envIdentifier>
				<spirit:fileSetRef>
					<spirit:localName>xilinx_utilityxitfiles_view_fileset</spirit:localName>
				</spirit:fileSetRef>
			</spirit:view>
		</spirit:views>
		<spirit:ports>
			<spirit:port>
				<spirit:name>random_numbers_V_TVALID</spirit:name>
				<spirit:wire>
					<spirit:direction>out</spirit:direction>
					<spirit:wireTypeDefs>
						<spirit:wireTypeDef>
							<spirit:typeName>std_logic</spirit:typeName>
							<spirit:viewNameRef>xilinx_verilogsynthesis</spirit:viewNameRef>
							<spirit:viewNameRef>xilinx_verilogbehavioralsimulation</spirit:viewNameRef>
						</spirit:wireTypeDef>
					</spirit:wireTypeDefs>
				</spirit:wire>
			</spirit:port>
			<spirit:port>
				<spirit:name>random_numbers_V_TREADY</spirit:name>
				<spirit:wire>
					<spirit:direction>in</spirit:direction>
					<spirit:wireTypeDefs>
						<spirit:wireTypeDef>
							<spirit:typeName>std_logic</spirit:typeName>
							<spirit:viewNameRef>xilinx_verilogsynthesis</spirit:viewNameRef>
							<spirit:viewNameRef>xilinx_verilogbehavioralsimulation</spirit:viewNameRef>
						</spirit:wireTypeDef>
					</spirit:wireTypeDefs>
				</spirit:wire>
			</spirit:port>
			<spirit:port>
				<spirit:name>random_numbers_V_TDATA</spirit:name>
				<spirit:wire>
					<spirit:direction>out</spirit:direction>
					<spirit:vector>
						<spirit:left spirit:format="long"
								spirit:resolve="immediate">31</spirit:left>
						<spirit:right spirit:format="long"
								spirit:resolve="immediate">0</spirit:right>
					</spirit:vector>
					<spirit:wireTypeDefs>
						<spirit:wireTypeDef>
							<spirit:typeName>std_logic_vector</spirit:typeName>
							<spirit:viewNameRef>xilinx_verilogsynthesis</spirit:viewNameRef>
							<spirit:viewNameRef>xilinx_verilogbehavioralsimulation</spirit:viewNameRef>
						</spirit:wireTypeDef>
					</spirit:wireTypeDefs>
				</spirit:wire>
				<spirit:vendorExtensions>
					<xilinx:portInfo>
						<xilinx:endianness>little</xilinx:endianness>
					</xilinx:portInfo>
				</spirit:vendorExtensions>
			</spirit:port>
			<spirit:port>
				<spirit:name>s_axi_slv0_AWADDR</spirit:name>
				<spirit:wire>
					<spirit:direction>in</spirit:direction>
					<spirit:vector>
						<spirit:left spirit:format="long"
								spirit:resolve="dependent"
								spirit:dependency="(spirit:decode(id(&apos;MODELPARAM_VALUE.C_S_AXI_SLV0_ADDR_WIDTH&apos;)) - 1)">12</spirit:left>
						<spirit:right spirit:format="long"
								spirit:resolve="immediate">0</spirit:right>
					</spirit:vector>
					<spirit:wireTypeDefs>
						<spirit:wireTypeDef>
							<spirit:typeName>std_logic_vector</spirit:typeName>
							<spirit:viewNameRef>xilinx_verilogsynthesis</spirit:viewNameRef>
							<spirit:viewNameRef>xilinx_verilogbehavioralsimulation</spirit:viewNameRef>
						</spirit:wireTypeDef>
					</spirit:wireTypeDefs>
				</spirit:wire>
			</spirit:port>
			<spirit:port>
				<spirit:name>s_axi_slv0_AWVALID</spirit:name>
				<spirit:wire>
					<spirit:direction>in</spirit:direction>
					<spirit:wireTypeDefs>
						<spirit:wireTypeDef>
							<spirit:typeName>std_logic</spirit:typeName>
							<spirit:viewNameRef>xilinx_verilogsynthesis</spirit:viewNameRef>
							<spirit:viewNameRef>xilinx_verilogbehavioralsimulation</spirit:viewNameRef>
						</spirit:wireTypeDef>
					</spirit:wireTypeDefs>
				</spirit:wire>
			</spirit:port>
			<spirit:port>
				<spirit:name>s_axi_slv0_AWREADY</spirit:name>
				<spirit:wire>
					<spirit:direction>out</spirit:direction>
					<spirit:wireTypeDefs>
						<spirit:wireTypeDef>
							<spirit:typeName>std_logic</spirit:typeName>
							<spirit:viewNameRef>xilinx_verilogsynthesis</spirit:viewNameRef>
							<spirit:viewNameRef>xilinx_verilogbehavioralsimulation</spirit:viewNameRef>
						</spirit:wireTypeDef>
					</spirit:wireTypeDefs>
				</spirit:wire>
			</spirit:port>
			<spirit:port>
				<spirit:name>s_axi_slv0_WDATA</spirit:name>
				<spirit:wire>
					<spirit:direction>in</spirit:direction>
					<spirit:vector>
						<spirit:left spirit:format="long"
								spirit:resolve="dependent"
								spirit:dependency="(spirit:decode(id(&apos;MODELPARAM_VALUE.C_S_AXI_SLV0_DATA_WIDTH&apos;)) - 1)">31</spirit:left>
						<spirit:right spirit:format="long"
								spirit:resolve="immediate">0</spirit:right>
					</spirit:vector>
					<spirit:wireTypeDefs>
						<spirit:wireTypeDef>
							<spirit:typeName>std_logic_vector</spirit:typeName>
							<spirit:viewNameRef>xilinx_verilogsynthesis</spirit:viewNameRef>
							<spirit:viewNameRef>xilinx_verilogbehavioralsimulation</spirit:viewNameRef>
						</spirit:wireTypeDef>
					</spirit:wireTypeDefs>
				</spirit:wire>
			</spirit:port>
			<spirit:port>
				<spirit:name>s_axi_slv0_WSTRB</spirit:name>
				<spirit:wire>
					<spirit:direction>in</spirit:direction>
					<spirit:vector>
						<spirit:left spirit:format="long"
								spirit:resolve="dependent"
								spirit:dependency="((spirit:decode(id(&apos;MODELPARAM_VALUE.C_S_AXI_SLV0_DATA_WIDTH&apos;)) / 8) - 1)">3</spirit:left>
						<spirit:right spirit:format="long"
								spirit:resolve="immediate">0</spirit:right>
					</spirit:vector>
					<spirit:wireTypeDefs>
						<spirit:wireTypeDef>
							<spirit:typeName>std_logic_vector</spirit:typeName>
							<spirit:viewNameRef>xilinx_verilogsynthesis</spirit:viewNameRef>
							<spirit:viewNameRef>xilinx_verilogbehavioralsimulation</spirit:viewNameRef>
						</spirit:wireTypeDef>
					</spirit:wireTypeDefs>
				</spirit:wire>
			</spirit:port>
			<spirit:port>
				<spirit:name>s_axi_slv0_WVALID</spirit:name>
				<spirit:wire>
					<spirit:direction>in</spirit:direction>
					<spirit:wireTypeDefs>
						<spirit:wireTypeDef>
							<spirit:typeName>std_logic</spirit:typeName>
							<spirit:viewNameRef>xilinx_verilogsynthesis</spirit:viewNameRef>
							<spirit:viewNameRef>xilinx_verilogbehavioralsimulation</spirit:viewNameRef>
						</spirit:wireTypeDef>
					</spirit:wireTypeDefs>
				</spirit:wire>
			</spirit:port>
			<spirit:port>
				<spirit:name>s_axi_slv0_WREADY</spirit:name>
				<spirit:wire>
					<spirit:direction>out</spirit:direction>
					<spirit:wireTypeDefs>
						<spirit:wireTypeDef>
							<spirit:typeName>std_logic</spirit:typeName>
							<spirit:viewNameRef>xilinx_verilogsynthesis</spirit:viewNameRef>
							<spirit:viewNameRef>xilinx_verilogbehavioralsimulation</spirit:viewNameRef>
						</spirit:wireTypeDef>
					</spirit:wireTypeDefs>
				</spirit:wire>
			</spirit:port>
			<spirit:port>
				<spirit:name>s_axi_slv0_BRESP</spirit:name>
				<spirit:wire>
					<spirit:direction>out</spirit:direction>
					<spirit:vector>
						<spirit:left spirit:format="long"
								spirit:resolve="immediate">1</spirit:left>
						<spirit:right spirit:format="long"
								spirit:resolve="immediate">0</spirit:right>
					</spirit:vector>
					<spirit:wireTypeDefs>
						<spirit:wireTypeDef>
							<spirit:typeName>std_logic_vector</spirit:typeName>
							<spirit:viewNameRef>xilinx_verilogsynthesis</spirit:viewNameRef>
							<spirit:viewNameRef>xilinx_verilogbehavioralsimulation</spirit:viewNameRef>
						</spirit:wireTypeDef>
					</spirit:wireTypeDefs>
				</spirit:wire>
			</spirit:port>
			<spirit:port>
				<spirit:name>s_axi_slv0_BVALID</spirit:name>
				<spirit:wire>
					<spirit:direction>out</spirit:direction>
					<spirit:wireTypeDefs>
						<spirit:wireTypeDef>
							<spirit:typeName>std_logic</spirit:typeName>
							<spirit:viewNameRef>xilinx_verilogsynthesis</spirit:viewNameRef>
							<spirit:viewNameRef>xilinx_verilogbehavioralsimulation</spirit:viewNameRef>
						</spirit:wireTypeDef>
					</spirit:wireTypeDefs>
				</spirit:wire>
			</spirit:port>
			<spirit:port>
				<spirit:name>s_axi_slv0_BREADY</spirit:name>
				<spirit:wire>
					<spirit:direction>in</spirit:direction>
					<spirit:wireTypeDefs>
						<spirit:wireTypeDef>
							<spirit:typeName>std_logic</spirit:typeName>
							<spirit:viewNameRef>xilinx_verilogsynthesis</spirit:viewNameRef>
							<spirit:viewNameRef>xilinx_verilogbehavioralsimulation</spirit:viewNameRef>
						</spirit:wireTypeDef>
					</spirit:wireTypeDefs>
				</spirit:wire>
			</spirit:port>
			<spirit:port>
				<spirit:name>s_axi_slv0_ARADDR</spirit:name>
				<spirit:wire>
					<spirit:direction>in</spirit:direction>
					<spirit:vector>
						<spirit:left spirit:format="long"
								spirit:resolve="dependent"
								spirit:dependency="(spirit:decode(id(&apos;MODELPARAM_VALUE.C_S_AXI_SLV0_ADDR_WIDTH&apos;)) - 1)">12</spirit:left>
						<spirit:right spirit:format="long"
								spirit:resolve="immediate">0</spirit:right>
					</spirit:vector>
					<spirit:wireTypeDefs>
						<spirit:wireTypeDef>
							<spirit:typeName>std_logic_vector</spirit:typeName>
							<spirit:viewNameRef>xilinx_verilogsynthesis</spirit:viewNameRef>
							<spirit:viewNameRef>xilinx_verilogbehavioralsimulation</spirit:viewNameRef>
						</spirit:wireTypeDef>
					</spirit:wireTypeDefs>
				</spirit:wire>
			</spirit:port>
			<spirit:port>
				<spirit:name>s_axi_slv0_ARVALID</spirit:name>
				<spirit:wire>
					<spirit:direction>in</spirit:direction>
					<spirit:wireTypeDefs>
						<spirit:wireTypeDef>
							<spirit:typeName>std_logic</spirit:typeName>
							<spirit:viewNameRef>xilinx_verilogsynthesis</spirit:viewNameRef>
							<spirit:viewNameRef>xilinx_verilogbehavioralsimulation</spirit:viewNameRef>
						</spirit:wireTypeDef>
					</spirit:wireTypeDefs>
				</spirit:wire>
			</spirit:port>
			<spirit:port>
				<spirit:name>s_axi_slv0_ARREADY</spirit:name>
				<spirit:wire>
					<spirit:direction>out</spirit:direction>
					<spirit:wireTypeDefs>
						<spirit:wireTypeDef>
							<spirit:typeName>std_logic</spirit:typeName>
							<spirit:viewNameRef>xilinx_verilogsynthesis</spirit:viewNameRef>
							<spirit:viewNameRef>xilinx_verilogbehavioralsimulation</spirit:viewNameRef>
						</spirit:wireTypeDef>
					</spirit:wireTypeDefs>
				</spirit:wire>
			</spirit:port>
			<spirit:port>
				<spirit:name>s_axi_slv0_RDATA</spirit:name>
				<spirit:wire>
					<spirit:direction>out</spirit:direction>
					<spirit:vector>
						<spirit:left spirit:format="long"
								spirit:resolve="dependent"
								spirit:dependency="(spirit:decode(id(&apos;MODELPARAM_VALUE.C_S_AXI_SLV0_DATA_WIDTH&apos;)) - 1)">31</spirit:left>
						<spirit:right spirit:format="long"
								spirit:resolve="immediate">0</spirit:right>
					</spirit:vector>
					<spirit:wireTypeDefs>
						<spirit:wireTypeDef>
							<spirit:typeName>std_logic_vector</spirit:typeName>
							<spirit:viewNameRef>xilinx_verilogsynthesis</spirit:viewNameRef>
							<spirit:viewNameRef>xilinx_verilogbehavioralsimulation</spirit:viewNameRef>
						</spirit:wireTypeDef>
					</spirit:wireTypeDefs>
				</spirit:wire>
			</spirit:port>
			<spirit:port>
				<spirit:name>s_axi_slv0_RRESP</spirit:name>
				<spirit:wire>
					<spirit:direction>out</spirit:direction>
					<spirit:vector>
						<spirit:left spirit:format="long"
								spirit:resolve="immediate">1</spirit:left>
						<spirit:right spirit:format="long"
								spirit:resolve="immediate">0</spirit:right>
					</spirit:vector>
					<spirit:wireTypeDefs>
						<spirit:wireTypeDef>
							<spirit:typeName>std_logic_vector</spirit:typeName>
							<spirit:viewNameRef>xilinx_verilogsynthesis</spirit:viewNameRef>
							<spirit:viewNameRef>xilinx_verilogbehavioralsimulation</spirit:viewNameRef>
						</spirit:wireTypeDef>
					</spirit:wireTypeDefs>
				</spirit:wire>
			</spirit:port>
			<spirit:port>
				<spirit:name>s_axi_slv0_RVALID</spirit:name>
				<spirit:wire>
					<spirit:direction>out</spirit:direction>
					<spirit:wireTypeDefs>
						<spirit:wireTypeDef>
							<spirit:typeName>std_logic</spirit:typeName>
							<spirit:viewNameRef>xilinx_verilogsynthesis</spirit:viewNameRef>
							<spirit:viewNameRef>xilinx_verilogbehavioralsimulation</spirit:viewNameRef>
						</spirit:wireTypeDef>
					</spirit:wireTypeDefs>
				</spirit:wire>
			</spirit:port>
			<spirit:port>
				<spirit:name>s_axi_slv0_RREADY</spirit:name>
				<spirit:wire>
					<spirit:direction>in</spirit:direction>
					<spirit:wireTypeDefs>
						<spirit:wireTypeDef>
							<spirit:typeName>std_logic</spirit:typeName>
							<spirit:viewNameRef>xilinx_verilogsynthesis</spirit:viewNameRef>
							<spirit:viewNameRef>xilinx_verilogbehavioralsimulation</spirit:viewNameRef>
						</spirit:wireTypeDef>
					</spirit:wireTypeDefs>
				</spirit:wire>
			</spirit:port>
			<spirit:port>
				<spirit:name>interrupt</spirit:name>
				<spirit:wire>
					<spirit:direction>out</spirit:direction>
					<spirit:wireTypeDefs>
						<spirit:wireTypeDef>
							<spirit:typeName>std_logic</spirit:typeName>
							<spirit:viewNameRef>xilinx_verilogsynthesis</spirit:viewNameRef>
							<spirit:viewNameRef>xilinx_verilogbehavioralsimulation</spirit:viewNameRef>
						</spirit:wireTypeDef>
					</spirit:wireTypeDefs>
				</spirit:wire>
			</spirit:port>
			<spirit:port>
				<spirit:name>aclk</spirit:name>
				<spirit:wire>
					<spirit:direction>in</spirit:direction>
					<spirit:wireTypeDefs>
						<spirit:wireTypeDef>
							<spirit:typeName>std_logic</spirit:typeName>
							<spirit:viewNameRef>xilinx_verilogsynthesis</spirit:viewNameRef>
							<spirit:viewNameRef>xilinx_verilogbehavioralsimulation</spirit:viewNameRef>
						</spirit:wireTypeDef>
					</spirit:wireTypeDefs>
				</spirit:wire>
			</spirit:port>
			<spirit:port>
				<spirit:name>aresetn</spirit:name>
				<spirit:wire>
					<spirit:direction>in</spirit:direction>
					<spirit:wireTypeDefs>
						<spirit:wireTypeDef>
							<spirit:typeName>std_logic</spirit:typeName>
							<spirit:viewNameRef>xilinx_verilogsynthesis</spirit:viewNameRef>
							<spirit:viewNameRef>xilinx_verilogbehavioralsimulation</spirit:viewNameRef>
						</spirit:wireTypeDef>
					</spirit:wireTypeDefs>
				</spirit:wire>
			</spirit:port>
		</spirit:ports>
		<spirit:modelParameters>
			<spirit:modelParameter xsi:type="spirit:nameValueTypeType"
					spirit:dataType="integer">
				<spirit:name>C_S_AXI_SLV0_ADDR_WIDTH</spirit:name>
				<spirit:value spirit:format="long"
						spirit:resolve="generated"
						spirit:id="MODELPARAM_VALUE.C_S_AXI_SLV0_ADDR_WIDTH">13</spirit:value>
			</spirit:modelParameter>
			<spirit:modelParameter spirit:dataType="integer">
				<spirit:name>C_S_AXI_SLV0_DATA_WIDTH</spirit:name>
				<spirit:value spirit:format="long"
						spirit:resolve="immediate"
						spirit:id="MODELPARAM_VALUE.C_S_AXI_SLV0_DATA_WIDTH">32</spirit:value>
			</spirit:modelParameter>
		</spirit:modelParameters>
	</spirit:model>
	<spirit:fileSets>
		<spirit:fileSet>
			<spirit:name>xilinx_verilogsynthesis_view_fileset</spirit:name>
			<spirit:file>
				<spirit:name>hdl/verilog/infinite_stream_random_numbers_V_if.v</spirit:name>
				<spirit:fileType>verilogSource</spirit:fileType>
			</spirit:file>
			<spirit:file>
				<spirit:name>hdl/verilog/infinite_stream_slv0_if.v</spirit:name>
				<spirit:fileType>verilogSource</spirit:fileType>
			</spirit:file>
			<spirit:file>
				<spirit:name>hdl/verilog/infinite_stream_ap_rst_if.v</spirit:name>
				<spirit:fileType>verilogSource</spirit:fileType>
			</spirit:file>
			<spirit:file>
				<spirit:name>hdl/verilog/infinite_stream_top.v</spirit:name>
				<spirit:fileType>verilogSource</spirit:fileType>
			</spirit:file>
			<spirit:file>
				<spirit:name>hdl/verilog/infinite_stream_sr_227_Array.v</spirit:name>
				<spirit:fileType>verilogSource</spirit:fileType>
			</spirit:file>
			<spirit:file>
				<spirit:name>hdl/verilog/infinite_stream_sr_396_Array.v</spirit:name>
				<spirit:fileType>verilogSource</spirit:fileType>
			</spirit:file>
			<spirit:file>
				<spirit:name>hdl/verilog/infinite_stream.v</spirit:name>
				<spirit:fileType>verilogSource</spirit:fileType>
			</spirit:file>
		</spirit:fileSet>
		<spirit:fileSet>
			<spirit:name>xilinx_verilogbehavioralsimulation_view_fileset</spirit:name>
			<spirit:file>
				<spirit:name>hdl/verilog/infinite_stream_random_numbers_V_if.v</spirit:name>
				<spirit:fileType>verilogSource</spirit:fileType>
			</spirit:file>
			<spirit:file>
				<spirit:name>hdl/verilog/infinite_stream_slv0_if.v</spirit:name>
				<spirit:fileType>verilogSource</spirit:fileType>
			</spirit:file>
			<spirit:file>
				<spirit:name>hdl/verilog/infinite_stream_ap_rst_if.v</spirit:name>
				<spirit:fileType>verilogSource</spirit:fileType>
			</spirit:file>
			<spirit:file>
				<spirit:name>hdl/verilog/infinite_stream_top.v</spirit:name>
				<spirit:fileType>verilogSource</spirit:fileType>
			</spirit:file>
			<spirit:file>
				<spirit:name>hdl/verilog/infinite_stream_sr_227_Array.v</spirit:name>
				<spirit:fileType>verilogSource</spirit:fileType>
			</spirit:file>
			<spirit:file>
				<spirit:name>hdl/verilog/infinite_stream_sr_396_Array.v</spirit:name>
				<spirit:fileType>verilogSource</spirit:fileType>
			</spirit:file>
			<spirit:file>
				<spirit:name>hdl/verilog/infinite_stream.v</spirit:name>
				<spirit:fileType>verilogSource</spirit:fileType>
			</spirit:file>
		</spirit:fileSet>
		<spirit:fileSet>
			<spirit:name>xilinx_documentation_view_fileset</spirit:name>
			<spirit:file>
				<spirit:name>doc/ReleaseNotes.txt</spirit:name>
				<spirit:userFileType>text</spirit:userFileType>
			</spirit:file>
		</spirit:fileSet>
		<spirit:fileSet>
			<spirit:name>xilinx_miscfiles_view_fileset</spirit:name>
			<spirit:file>
				<spirit:name>misc/logo.png</spirit:name>
				<spirit:userFileType>image</spirit:userFileType>
			</spirit:file>
		</spirit:fileSet>
		<spirit:fileSet>
			<spirit:name>xilinx_block_diagram_view_fileset</spirit:name>
			<spirit:file>
				<spirit:name>bd/bd.tcl</spirit:name>
				<spirit:fileType>tclSource</spirit:fileType>
			</spirit:file>
		</spirit:fileSet>
		<spirit:fileSet>
			<spirit:name>xilinx_xpgui_view_fileset</spirit:name>
			<spirit:file>
				<spirit:name>xgui/infinite_stream_v1_2.tcl</spirit:name>
				<spirit:fileType>tclSource</spirit:fileType>
				<spirit:userFileType>XGUI_VERSION_2</spirit:userFileType>
			</spirit:file>
		</spirit:fileSet>
		<spirit:fileSet>
			<spirit:name>xilinx_utilityxitfiles_view_fileset</spirit:name>
			<spirit:file>
				<spirit:name>misc/logo.png</spirit:name>
				<spirit:userFileType>image</spirit:userFileType>
				<spirit:userFileType>LOGO</spirit:userFileType>
			</spirit:file>
		</spirit:fileSet>
	</spirit:fileSets>
	<spirit:description>An IP generated by Vivado HLS</spirit:description>
	<spirit:parameters>
		<spirit:parameter>
			<spirit:name>C_S_AXI_SLV0_ADDR_WIDTH</spirit:name>
			<spirit:displayName>Address width</spirit:displayName>
			<spirit:value spirit:format="long"
					spirit:resolve="user"
					spirit:id="PARAM_VALUE.C_S_AXI_SLV0_ADDR_WIDTH"
					spirit:order="2"
					spirit:configGroups="1 S_AXI_SLV0 (AXI4Lite Slave Interface)"
					spirit:minimum="13"
					spirit:maximum="32">13</spirit:value>
		</spirit:parameter>
		<spirit:parameter>
			<spirit:name>Component_Name</spirit:name>
			<spirit:value spirit:resolve="user"
					spirit:id="PARAM_VALUE.Component_Name"
					spirit:order="1">infinite_stream_v1_2</spirit:value>
		</spirit:parameter>
	</spirit:parameters>
	<spirit:vendorExtensions>
		<xilinx:coreExtensions>
			<xilinx:supportedFamilies>
				<xilinx:family xilinx:lifeCycle="Pre-Production">zynq</xilinx:family>
			</xilinx:supportedFamilies>
			<xilinx:taxonomies>
				<xilinx:taxonomy>/VIVADO_HLS_IP</xilinx:taxonomy>
			</xilinx:taxonomies>
			<xilinx:displayName>Infinite_stream</xilinx:displayName>
			<xilinx:coreCreationDateTime>2013-08-21T01:20:57</xilinx:coreCreationDateTime>
		</xilinx:coreExtensions>
		<xilinx:packagingInfo>
			<xilinx:xilinxVersion>2013.2</xilinx:xilinxVersion>
		</xilinx:packagingInfo>
	</spirit:vendorExtensions>
</spirit:component>
