{
	"heston": {
		"reversion_rate": 3.7764797323130685, 
		"time_to_maturity": 4.569575183278846, 
		"strike_price": 1, 
		"spot_price": 1, 
		"vol_of_vol": 6.966854757748022, 
		"vola_0": 7.176858840372222, 
		"correlation": 0.15646528552890593, 
		"long_term_avg_vola": 1.2104829926509921, 
		"riskless_rate": 0.20741968328425395
	}, 
	"barrier values": {
		"lower": 1e-10, 
		"upper": 1e+100
	}, 
	"simulation_eval": {
		"path_cnt": 100000, 
		"stop_level": 7, 
		"start_level": 4, 
		"ml_start_level": 1, 
		"ml_constant": 4
	}
}