{
	"heston": {
		"reversion_rate": 2.9481054144809886, 
		"time_to_maturity": 3.1090080073412367, 
		"strike_price": 1, 
		"spot_price": 1, 
		"vol_of_vol": 5.872575438368411, 
		"vola_0": 0.7049465604659185, 
		"correlation": -0.015235172591404833, 
		"long_term_avg_vola": 0.5699752574658645, 
		"riskless_rate": 0.22056417293181477
	}, 
	"barrier values": {
		"lower": 1e-10, 
		"upper": 1e+100
	}, 
	"simulation_eval": {
		"path_cnt": 100000, 
		"stop_level": 7, 
		"start_level": 4, 
		"ml_start_level": 1, 
		"ml_constant": 4
	}
}