{
	"heston": {
		"reversion_rate": 1.847739918226248, 
		"time_to_maturity": 1.3188599775924688, 
		"strike_price": 1, 
		"spot_price": 1, 
		"vol_of_vol": 8.533486706181584, 
		"vola_0": 1.5919368602360482, 
		"correlation": 0.9964780322468243, 
		"long_term_avg_vola": 1.119795910572998, 
		"riskless_rate": 0.07527737789098571
	}, 
	"barrier values": {
		"lower": 1e-10, 
		"upper": 1e+100
	}, 
	"simulation_eval": {
		"path_cnt": 100000, 
		"stop_level": 7, 
		"start_level": 4, 
		"ml_start_level": 1, 
		"ml_constant": 4
	}
}