{
	"heston": {
		"reversion_rate": 1.0074235046882902, 
		"time_to_maturity": 5.295839082142747, 
		"strike_price": 1, 
		"spot_price": 1, 
		"vol_of_vol": 8.092325106921741, 
		"vola_0": 7.0722019568922265, 
		"correlation": 0.701886107040476, 
		"long_term_avg_vola": 2.082078678516202, 
		"riskless_rate": 0.03425451953091638
	}, 
	"barrier values": {
		"lower": 1e-10, 
		"upper": 1e+100
	}, 
	"simulation_eval": {
		"path_cnt": 100000, 
		"stop_level": 7, 
		"start_level": 4, 
		"ml_start_level": 1, 
		"ml_constant": 4
	}
}