{
	"heston": {
		"reversion_rate": 8.2793661389284, 
		"time_to_maturity": 3.30724317052139, 
		"strike_price": 1, 
		"spot_price": 1, 
		"vol_of_vol": 3.8015195231054704, 
		"vola_0": 3.347462761961273, 
		"correlation": 0.9037816238916296, 
		"long_term_avg_vola": 2.2948143170766606, 
		"riskless_rate": 0.07810988609074765
	}, 
	"barrier values": {
		"lower": 1e-10, 
		"upper": 1e+100
	}, 
	"simulation_eval": {
		"path_cnt": 100000, 
		"stop_level": 7, 
		"start_level": 4, 
		"ml_start_level": 1, 
		"ml_constant": 4
	}
}