{
	"simulation_eval": {
		"stop_level": 7, 
		"start_level": 4, 
		"ml_constant": 4, 
		"path_cnt": 5000000, 
		"ml_start_level": 1
	}, 
	"barrier values": {
		"upper": 1e+100, 
		"lower": 1e-10
	}, 
	"heston": {
		"vol_of_vol": 5.4807475055484165, 
		"time_to_maturity": 1.0, 
		"correlation": 0.8844691593591307, 
		"feller-violation-factor": 9.189066544255699, 
		"spot_price": 1, 
		"reversion_rate": 0.42968320442959496, 
		"long_term_avg_vola": 3.803906376321848, 
		"riskless_rate": 0.040269676393751196, 
		"vola_0": 0.6491368258993853, 
		"strike_price": 1.0
	}
}