{
	"simulation_eval": {
		"stop_level": 7, 
		"start_level": 4, 
		"ml_constant": 4, 
		"path_cnt": 5000000, 
		"ml_start_level": 1
	}, 
	"barrier values": {
		"upper": 1e+100, 
		"lower": 1e-10
	}, 
	"heston": {
		"vol_of_vol": 4.319941124069298, 
		"time_to_maturity": 1.0, 
		"correlation": 0.2846197991635382, 
		"feller-violation-factor": 1.2866299254110376, 
		"spot_price": 1, 
		"reversion_rate": 2.54965083604869, 
		"long_term_avg_vola": 2.8444041402765583, 
		"riskless_rate": 0.02766628746130534, 
		"vola_0": 7.454152845189153, 
		"strike_price": 1.0
	}
}