{
	"simulation_eval": {
		"stop_level": 7, 
		"start_level": 4, 
		"ml_constant": 4, 
		"path_cnt": 5000000, 
		"ml_start_level": 1
	}, 
	"barrier values": {
		"upper": 1e+100, 
		"lower": 1e-10
	}, 
	"heston": {
		"vol_of_vol": 9.447711338728354, 
		"time_to_maturity": 1.0, 
		"correlation": -0.39678843875764613, 
		"feller-violation-factor": 22.364431746499033, 
		"spot_price": 1, 
		"reversion_rate": 0.7603472458881573, 
		"long_term_avg_vola": 2.624541174752177, 
		"riskless_rate": 0.048688467943610085, 
		"vola_0": 0.291430987253514, 
		"strike_price": 1.0
	}
}