{
	"simulation_eval": {
		"stop_level": 7, 
		"start_level": 4, 
		"ml_constant": 4, 
		"path_cnt": 5000000, 
		"ml_start_level": 1
	}, 
	"barrier values": {
		"upper": 1e+100, 
		"lower": 1e-10
	}, 
	"heston": {
		"vol_of_vol": 2.4768663675490346, 
		"time_to_maturity": 1.0, 
		"correlation": -0.12408594322160571, 
		"feller-violation-factor": 1.2277875162406797, 
		"spot_price": 1, 
		"reversion_rate": 2.4127489319889888, 
		"long_term_avg_vola": 1.035475460529617, 
		"riskless_rate": 0.0431944901794446, 
		"vola_0": 1.0734398851846365, 
		"strike_price": 1.0
	}
}