{
	"simulation_eval": {
		"stop_level": 7, 
		"start_level": 4, 
		"ml_constant": 4, 
		"path_cnt": 5000000, 
		"ml_start_level": 1
	}, 
	"barrier values": {
		"upper": 1e+100, 
		"lower": 1e-10
	}, 
	"heston": {
		"vol_of_vol": 7.026373450380336, 
		"time_to_maturity": 1.0, 
		"correlation": -0.5996846925836159, 
		"feller-violation-factor": 14.6780698452076, 
		"spot_price": 1, 
		"reversion_rate": 1.0121966821902282, 
		"long_term_avg_vola": 1.6614933310354836, 
		"riskless_rate": 0.0373750265462422, 
		"vola_0": 5.943740551691708, 
		"strike_price": 1.0
	}
}