{
	"simulation_eval": {
		"stop_level": 7, 
		"start_level": 4, 
		"ml_constant": 4, 
		"path_cnt": 5000000, 
		"ml_start_level": 1
	}, 
	"barrier values": {
		"upper": 1e+100, 
		"lower": 1e-10
	}, 
	"heston": {
		"vol_of_vol": 2.6653683111428395, 
		"time_to_maturity": 1.0, 
		"correlation": 0.9661700241232136, 
		"feller-violation-factor": 6.939071662162947, 
		"spot_price": 1, 
		"reversion_rate": 1.4706574480235233, 
		"long_term_avg_vola": 0.34807398473713524, 
		"riskless_rate": 0.03879437898998553, 
		"vola_0": 1.327854029228679, 
		"strike_price": 1.0
	}
}