{
	"simulation_eval": {
		"stop_level": 7, 
		"start_level": 4, 
		"ml_constant": 4, 
		"path_cnt": 5000000, 
		"ml_start_level": 1
	}, 
	"barrier values": {
		"upper": 1e+100, 
		"lower": 1e-10
	}, 
	"heston": {
		"vol_of_vol": 6.593576923813197, 
		"time_to_maturity": 1.0, 
		"correlation": 0.5551723994952134, 
		"feller-violation-factor": 0.7337338823040064, 
		"spot_price": 1, 
		"reversion_rate": 7.907213999020964, 
		"long_term_avg_vola": 3.746710106953897, 
		"riskless_rate": 0.01776724458211652, 
		"vola_0": 8.872305788088678, 
		"strike_price": 1.0
	}
}